{
"schematics":
[
   {
      "path": "",
      "height": 250
   }
],


"scopes" :
[
   {
      "path": "Scope",
      "height": 250,
      "width":500,
      "analysis":
      {
         "cursor1": { "time": 0.00003},
         "cursor2": { "time": 0.00005},
         "rms": true,
         "mean": true,
         "delta":
         {
            "locked": true,
            "time": 0.00002
         }
      }
   }

],

"paramtables":
[
   {
      "display": "schematic",
      "component": "RL",
      "labelpos": "left",
      "parameters":
      [
         {
            "variable": "RL",
            "label": "RL",
            "unit": "Ω",
            "min": 1,
            "max": 100,
            "value": 10
         }
      ]
   },
   {
      "display": "schematic",
      "component": "PWM",
      "labelpos": "top",
      "parameters":
      [
         {
            "variable": "D",
            "label": "D",
            "unit": "",
            "min": 0,
            "max": 1,
            "value": 0.4
         }
      ]
   }
]

}
